50000;aarReha Schinznach;Fachklinik für Rehabilitation;Badstrasse 55, 5116 Schinznach Bad;info@aarreha.ch;056 463 85 11;;ag;spital;8.164221099999999;47.4574952
50002;Aeskulap-Klinik;Ärztliche Ganzheitsmedizin;Gersauerstrasse 8, 6440 Brunnen;info@aeskulap.com;041 825 47 47;;sz;spital;8.6044862;46.9961824
50001;Adullam-Spital;;Mittlere Strasse 15, Postfach, 4003 Basel;info@adullam.ch;061 266 99 11;;bs;spital;7.592572699999999;47.557421
50007;Berit Paracelsus-Klinik AG;;Steinweg 1, Postfach, 9052 Niederteufen;info@beritklinik.ch;071 335 06 06;;ar;spital;9.3628736;47.39008
50004;Augen Glattzentrum AG;;Winterthurerstrasse 99, 8301 Glattzentrum;bruns@augenglatt.ch;044 878 70 70;;zh;spital;8.595684;47.408394
50003;Ambulante Psychiatrische Dienste;Kanton Zug;Rathausstrasse 1, Postfach 445, 6341 Baar;info.apd@zg.ch;041 723 66 00;;zg;spital;8.5260296;47.1947098
50005;Augenklinik;Dr. A. Scarpatetti AG;Gremmstrasse 17, 9053 Teufen AR;msc@augenklinik-teufen.ch;071 335 85 85;;ar;spital;9.3880391;47.3927979
50008;Berner Klinik Montana;;Impasse Palace Bellevue 1, 3963 Crans-Montana;bm@bernerklinik.ch;027 485 51 21;;vs;spital;7.4867287;46.3135087
50010;Bethesda Spital AG;;Gellertstrasse 144, Postfach, 4020 Basel;spitaldirektion@bethesda.ch;061 315 21 34;;bs;spital;7.592572699999999;47.557421
50011;Biotonus Clinique Bon Port;;Rue Bon Port 27, 1820 Montreux;info@biotonus.ch;021 966 58 58;;vd;spital;6.919211;46.4295194
50015;Centre de Chimiothérapie Anti-Cancéreuse CCAC;;Avenue d'Ouchy 35, 1006 Lausanne;ccac@bluewin.ch;021 647 70 54;;vd;spital;6.630084999999999;46.5122882
50009;Berner Reha Zentrum AG;;, 3625 Heiligenschwendi;j.waegli@rehabern.ch;033 244 33 33;;be;spital;7.6862812;46.750295
50012;Cardiocentro Ticino;;Via Tesserete 48, 6900 Lugano;fabio.rezzonico@cardiocentro.org;091 805 31 05;;ti;spital;8.9530704;46.0185229
50014;Center da sandà Val Müstair;;, 7536 Sta. Maria V. M.;verwaltung@ovmgr.ch;081 851 61 00;;gr;spital;10.423;46.6012
50016;Centre Médico-Psychologique (CMP) de la RCJU;;20, fabourg des Capucins, Case postale 2028, 2800 Delémont;nicolas.petremand@jura.ch;032 420 51 29;;ju;spital;7.3324722;47.3668919
50013;Center da sandà Engiadina Bassa;Ospidal;, 7550 Scuol;Joachim.Koppenberg@cseb.ch;081 861 10 00;;gr;spital;10.2977381;46.7968716
50020;Clienia Schlössli AG;Privatklinik für Psychiatrie;Schlösslistrasse 8, 8618 Oetwil am See;david.bosshard@clienia.ch;044 929 81 11;;zh;spital;8.7195444;47.2692079
50019;Clienia Littenheid AG;Privatklinik für Psychiatrie;, 9573 Littenheid;info.littenheid@clienia.ch;071 929 60 60;;tg;spital;9.00699;47.44099000000001
50006;Bad Schinznach AG;Privat-Klinik Im Park;Badstrasse 50, Postfach 67, 5116 Schinznach Bad;info@bs-ag.ch;056 463 76 34;;ag;spital;8.1684;47.44965089999999
50018;CHUV;Centre hospitalier universitaire vaudois;Rue du Bugnon 21, 1011 Lausanne;info@chuv.ch;021 314 11 11;;vd;spital;6.640716599999999;46.524663
50021;Clinica Hildebrand;Centro di riabilitazione Brissago;Via Crodolo, Casella postale, 6614 Brissago;info@clinica-hildebrand.ch;091 786 86 86;;ti;spital;8.6833242;46.12379929999999
50017;cereneo;center for neurology&rehabilitation;Seestrasse 18, 6354 Vitznau;admin@cereneo.ch;041 399 67 00;;lu;spital;8.4830993;47.010934
50022;Clinica Holistica Engiadina SA;;Plaz, 7542 Susch;d.straus@clinica-holistica.ch;081 300 20 30;;gr;spital;10.0806936;46.75174560000001
50025;Clinica Viarnetto;;Via Ceresio 34b, 6963 Lugano Pregassona;info@clinicaviarnetto.ch;091 971 32 21;;ti;spital;8.968156;46.0195066
50023;Clinica Luganese SA;sede Moncucco e sede San Rocco;Via Moncucco 10, 6903 Lugano;info@clinicaluganese.ch;091 960 81 11;;ti;spital;8.939981699999999;46.0051215
50024;Clinica Santa Chiara SA;;Via Franscini 4, 6600 Locarno;info@clinicasantachiara.ch;091 756 41 11;;ti;spital;8.8001343;46.1669725
50026;Clinique Belmont;;Route de Chêne 26, 1207 Genève;snicole@cliniquebelmont.ch;022 735 78 11;;ge;spital;6.1658006;46.1998613
50029;Clinique de Joli-Mont;;Avenue Trembley 45, Case postale 62, 1211 Genève;info@cliniquedejolimont.ch;022 717 03 11;;ge;spital;6.142296099999999;46.1983922
50028;Clinique CIC Riviera SA;;Rue du Lac 92, 1815 Clarens;secretariat@cto-riviera.ch;021 989 22 42;;vd;spital;6.8919693;46.4409778
50027;Clinique Chirurgicale & Permanence;;Avenue de la Gare 9, Case postale 1210, 1001 Lausanne;;021 321 03 00;;vd;spital;6.633597099999999;46.5199617
50030;Clinique de La Source;;Avenue Vinet 30, 1004 Lausanne;clinique@lasource.ch;021 641 33 33;;vd;spital;6.627963100000001;46.5269276
50031;Clinique de la Tour;;Rue des Musées 58, 2300 La Chaux-de-Fonds;info@clinique-tour.ch;032 912 30 00;;ne;spital;6.826232;47.0995358
50032;Clinique des Grangettes;;Chemin Grangettes 7, 1224 Chêne-Bougeries;gilles.rufenacht@grangettes.ch;022 305 01 11;;ge;spital;6.1818157;46.199825
50038;Clinique La Prairie;;Chemin de la Prairie 2 - 10, Case postale 134, 1815 Clarens;gregor.mattli@laprairie.ch;021 989 33 12;;vd;spital;6.8841391;46.4431707
50037;Clinique La Métairie;;Avenue Bois-Bougy, 8, 1260 Nyon;ccolin@lametairie.ch;022 363 20 20;;vd;spital;6.228522099999999;46.3734501
50034;Clinique genevoise de Montana;;Impasse Clairmont 2, 3963 Crans-Montana;contact-cgm@hcuge.ch;027 485 61 11;;vs;spital;7.493481999999999;46.3162763
50036;CLINIQUE LA LIGNIERE SA;;La Lignière 5, 1196 Gland;info@la-ligniere.ch;022 999 65 56;;vd;spital;6.289388199999999;46.4263008
50033;Clinique Générale-Beaulieu;;Chemin de Beau-Soleil 20, 1206 Genève;clinic@beaulieu.ch;022 839 55 55;;ge;spital;6.1618819;46.1885171
50035;Clinique La Colline SA;;Avenue Beau-Séjour 6, 1206 Genève;info@lacolline.ch;022 702 20 22;;ge;spital;6.149942999999999;46.1916022
50041;Clinique romande de réadaptation;SUVA;Avenue Grand-Champsec 90, 1951 Sion;jean-raphael.kurmann@crr-suva.ch;027 603 30 05;;vs;spital;7.3875563;46.2354876
50039;Clinique Le Noirmont;;Chemin de Roc Montès 20, 2340 Le Noirmont;administration@clen.ch;032 957 51 11;;ju;spital;6.9597072;47.2309306
50042;Ergolz-Klinik;;Hammerstrasse 35, 4410 Liestal;kontakt@ergolz-klinik.ch;061 906 92 92;;bl;spital;7.7249985;47.4992216
50040;CLINIQUE MONTBRILLANT SA;;Rue de la Montagne 1, 2300 La Chaux-de-Fonds;direction@clinique-montbrillant.ch;032 910 04 00;;ne;spital;6.819261099999999;47.1054262
50043;Felix Platter-Spital;;Burgfelderstrasse 101, Postfach, 4012 Basel;info@fps-basel.ch;061 326 41 41;;bs;spital;7.592572699999999;47.557421
50044;Flury Stiftung;Regionalspital Prättigau;, 7220 Schiers;info@flurystiftung.ch;081 308 08 08;;gr;spital;9.6884213;46.9725548
50045;Fondation de Nant;Secteur psychiatrique de l'Est vaudois;, Case postale, 1804 Corsier-sur-Vevey;hopital@nant.ch;021 925 27 27;;vd;spital;6.849591999999999;46.4765082
50046;Fondation Rive-Neuve;;Chemin des Cuarroz 57, Case postale 92, 1807 Blonay;info@riveneuve.ch;021 967 16 16;;vd;spital;6.893969999999999;46.46785
50047;Fondazione G. Varini;Clinica;Via Consiglio Mezzano 38, 6644 Orselina;info@clinicavarini.ch;091 735 55 55;;ti;spital;8.799897;46.1776907
50048;Geriatrische Klinik St. Gallen AG;;Gallusstrasse 14 / Stadthaus, 9001 St. Gallen;gabriela.stocker@ortsbuerger.ch;071 228 85 72;;sg;spital;9.3643968;47.4179284
50049;Gesundheitszentrum Schönberg Gunten AG;;Schönbergstrasse, 3654 Gunten;info@schoenberg.ch;033 252 38 38;;be;spital;7.6995158;46.7149378
50050;GZO AG;Spital Wetzikon;Spitalstrasse 66, 8620 Wetzikon ZH;direktion@gzo.ch;044 934 27 01;;zh;spital;8.8024383;47.3215212
50051;Herz- Neuro-Zentrum Bodensee AG;;Weinbergstrasse 1, 8280 Kreuzlingen;info@herz-zentrum.com;071 677 51 51;;tg;spital;9.1761854;47.6423461
50052;Hildegard Hospiz;;St. Alban-Ring 151, 4020 Basel;info@hildegard-hospiz.ch;061 319 75 75;;bs;spital;7.6106152;47.5503704
50054;Hôpital Daler;Daler-Spital;Route de Bertigny 34, Case postale 153, 1709 Fribourg;hopital@daler.ch;026 429 92 10;;fr;spital;7.145568300000001;46.8016663
50057;Hôpital ophtalmique Jules-Gonin;;Avenue de France 15, Case postale 133, 1000 Lausanne;yves.mottet@fa2.ch;021 626 81 11;;vd;spital;6.6809642;46.567488
50055;Hôpital de Lavaux;;Chemin des Colombaires 31, 1096 Cully;lavdirection@hopitaldelavaux.ch;021 799 01 11;;vd;spital;6.7253231;46.4905631
50058;Hôpitaux universitaires de Genève;HUG;22, Avenue de Beau Sejour, 1211 Genève;pierre.conne@hcuge.ch;022 305 56 70;;ge;spital;6.1497839;46.1895671
50053;Hochgebirgsklinik Davos;;Herman-Burchard-Strasse 1, 7265 Davos Wolfgang;hochgebirgsklinik@hgk.ch;081 417 44 44;;gr;spital;9.8562873;46.829409
50056;Hôpital du Pays-d'Enhaut;;Route de l'hôpital 17, 1660 Château-d'Oex;hopital@hopital-pae.ch;026 923 43 43;;vd;spital;7.1407599;46.4779587
50061;Ita Wegman Klinik AG;;Pfeffingerweg 1, 4144 Arlesheim;info@wegmanklinik.ch;061 705 71 11;;bl;spital;7.6144411;47.4939103
50060;Integrierte Psychiatrie;Winterthur-Zürcher Unterland;, Postfach 144, 8408 Winterthur;info@ipw.zh.ch;052 224 33 33;;zh;spital;8.6873516;47.5086606
50059;Inselspital;Universitätsspital Bern;Freiburgstrasse, 3010 Bern;urs.birchler@insel.ch;031 632 21 11;;be;spital;7.4240244;46.94689229999999
50063;Kantonsspital Aarau AG;;Tellstrasse, Postfach 3103, 5001 Aarau;info@ksa.ch;062 838 41 41;;ag;spital;8.04312;47.3934
50062;Kantonale Psychiatrische Dienste;Psychiatrische Klinik Wil;Zürcherstrasse 30, 9500 Wil SG;direktion@gd-kpdw.sg.ch;071 913 11 11;;sg;spital;9.0366248;47.46570850000001
50064;Kantonsspital Baden AG;;, Postfach, 5404 Baden;vorname.name@ksb.ch;056 486 21 11;;ag;spital;8.278685099999999;47.4544229
50065;Kantonsspital Glarus AG;;Burgstrasse 99, 8750 Glarus;info@ksgl.ch;055 646 33 33;;gl;spital;9.065153400000002;47.0455085
50066;Kantonsspital Nidwalden;;Ennetmooserstrasse 19, 6370 Stans;info@ksnw.ch;041 618 18 18;;nw;spital;8.3577169;46.9599955
50067;Kantonsspital Obwalden;;Brünigstrasse 181, 6060 Sarnen;info@ksow.ch;041 666 44 22;;ow;spital;8.2460747;46.8900851
50068;Kantonsspital Uri;;Spitalstrasse 1, 6460 Altdorf UR;info@ksuri.ch;041 875 51 51;;ur;spital;8.6373965;46.8830933
50070;Kinder- und Jugendpsychiatrischer Dienst;Kanton Zürich;Neumünsterallee 9, Postfach, 8032 Zürich;timo.pries@kjpdzh.ch;043 499 26 26;;zh;spital;8.5679249;47.3671055
50069;Kantonsspital Winterthur;;Brauerstrasse 15, Postfach, 8401 Winterthur;ksw@ksw.ch;052 266 21 21;;zh;spital;8.737564599999999;47.49995
50071;Kinder- und Jugendpsychiatrischer Dienst;Kanton Schwyz;Bahnhofstrasse 1, 6410 Goldau;kjpd.goldau@sz.ch;041 859 17 77;;sz;spital;8.5493731;47.0492028
50072;Kinderspital Zürich - Eleonorenstiftung;Universitäts-Kinderkliniken;Steinwiesstrasse 75, 8032 Zürich;info@kispi.uzh.ch;044 266 71 11;;zh;spital;8.5580123;47.3716732
50075;KLINIK BETHESDA;Neurorehabilitation, Parkinson-Zentrum;, 3233 Tschugg;zwahlen.e@klinik-bethesda.ch;032 338 44 44;;be;spital;7.076619999999999;47.02720000000001
50076;Klinik Gais AG;Rehabilitation;Gäbrisstrasse 1172, Postfach 131, 9056 Gais;g.stoffels@klinik-gais.ch;071 791 66 33;;ar;spital;9.45258;47.3616
50073;Klinik Adelheid AG;;Höhenweg 71, Postfach 466, 6314 Unterägeri;info@klinik-adelheid.ch;041 754 30 00;;zg;spital;8.5816011;47.1370918
50077;Klinik Hohmad AG;;Hohmadstrasse 1, 3600 Thun;info@klinikhohmad.ch;033 225 25 80;;be;spital;7.6248773;46.7495992
50074;Klinik Barmelweid AG;;, 5017 Barmelweid;info@barmelweid.ch;062 857 21 11;;ag;spital;7.971876599999999;47.420132
50078;Klinik im Hasel;;Im Hasel, 5728 Gontenschwil;info@klinikimhasel.ch;062 738 60 00;;ag;spital;8.1227387;47.2664273
50080;Klinik Linde AG;;Blumenrain 105, 2501 Biel;info@kliniklinde.ch;032 366 41 11;;be;spital;7.263219100000001;47.1330245
50083;Klinik Schloss Mammern;;, 8265 Mammern;boe@klinik-schloss-mammern.ch;052 742 11 11;;tg;spital;8.9224553;47.6415508
50081;Klinik Meissenberg AG;;Meisenbergstrasse 17, Postfach 1060, 6301 Zug;info@meissenberg.ch;041 726 57 57;;zg;spital;8.5151816;47.15355539999999
50085;Klinik Seeschau AG;;Bernrainstrasse 19, 8280 Kreuzlingen;info@klinik-seeschau.ch;071 677 53 53;;tg;spital;9.161121099999999;47.6457281
50082;Klinik Pallas AG;;Louis-Giroud-Strasse 20, 4600 Olten;info@klinik-pallas.ch;062 286 61 77;;so;spital;7.909719200000001;47.346678
50084;Klinik Schützen;;Bahnhofstrasse 19, 4310 Rheinfelden;samuel.rom@klinikschuetzen.ch;061 836 26 26;;ag;spital;7.7923168;47.5530963
50079;Klinik im Hof;;Im Park, 9057 Weissbad;klinik@hofweissbad.ch;071 798 80 50;;ai;spital;9.379669;47.2711833
50087;Klinik SGM Langenthal;;Weissensteinstrasse 30, 4900 Langenthal;info@klinik-sgm.ch;062 919 22 11;;be;spital;7.774377899999999;47.2183388
50088;Klinik Siloah;Siloah Aerzte AG;Worbstrasse 324, 3073 Gümligen;info@siloah.ch;031 958 11 11;;be;spital;7.517250000000001;46.93146489999999
50089;Klinik Sonnenhalde AG;Psychiatrie und Psychotherapie;Gänshaldenweg 28, 4125 Riehen;info@sonnenhalde.ch;061 645 46 46;;bs;spital;7.6577164;47.5846023
50092;Klinik Villa im Park;;Bernstrasse 84, 4852 Rothrist;info@villaimpark.ch;062 785 66 66;;ag;spital;7.894369699999999;47.30503179999999
50093;kneipp-hof Dussnang AG;;Kurhausstrasse 34, 8374 Dussnang;info@kneipphof.ch;071 978 63 63;;tg;spital;8.963295;47.4302116
50090;Klinik Sonnenhof;Kinder- und Jugendpsych. Zentrum;Sonnenhofstrasse 15, 9608 Ganterschwil;sonnenhof@kjpz.ch;071 983 26 33;;sg;spital;9.085687499999999;47.3810328
50094;Kreisspital für das Freiamt;;Spitalstrasse 144, 5630 Muri AG;info@spital-muri.ch;056 675 11 11;;ag;spital;8.3305204;47.2775154
50096;KTK Kindertagesklinik Liestal AG;;Oristalstrasse 87 A, 4410 Liestal;ktk@kindertagesklinik.ch;061 927 94 27;;bl;spital;7.7264913;47.4758335
50098;Liechtensteinisches Landesspital;;Heiligkreuz 25, 9490 Vaduz;sekretariat@landesspital.li;00423 235 44 11;;fl;spital;9.5225741;47.13477
50095;Kreisspital Surses;;, 7460 Savognin;info@spital-savognin.ch;081 669 14 00;;gr;spital;9.5972897;46.5960413
50097;Kurklinik Eden AG;;Panoramastrasse 20, 3854 Oberried Brienz;info@kurklinik-eden.ch;033 849 85 85;;be;spital;7.964773099999999;46.7384655
50104;Merian Iselin;Klinik für Orthopädie und Chirurgie;Föhrenstrasse 2, Postfach, 4009 Basel;info@merianiselin.ch;061 305 11 11;;bs;spital;7.592572699999999;47.557421
50101;Luzerner Psychiatrie;;Schafmattstrasse 1, 4915 St. Urban;direktionssekretariat@lups.ch;062 918 55 55;;lu;spital;7.842347899999999;47.2296613
50100;Lukas Klinik;Integrative Tumortherapie und Supportive Care;Brachmattstrasse 19, 4144 Arlesheim;kontakt@lukasklinik.ch;061 706 71 71;;bl;spital;7.615349;47.4955728
50102;Medizinisches Zentrum Brugg AG;;Fröhlichstrasse 7, 5200 Brugg AG;s.mattenberger@mz-brugg.ch;056 462 61 61;;ag;spital;8.203354899999999;47.4823017
50086;Klinik Selhofen;;Emmentalstrasse 8, Postfach 1300, 3401 Burgdorf;info@selhofen.ch;034 420 41 41;;be;spital;10.005624;0.0
50105;Modellstation SOMOSA;;Zum Park 20, 8404 Winterthur;sekretariat@somosa.ch;052 244 50 00;;zh;spital;8.764725499999999;47.506349
50099;Limmatklinik;;Hardturmstrasse 133, 8005 Zürich;jens.weber@limmatklinik.ch;044 448 30 53;;zh;spital;8.5133391;47.3930096
50106;MV SANTE Clinique Champel S.A.;;Avenue de Champel 42, 1206 Genève;info@mvsante.ch;022 839 34 34;;ge;spital;6.152506799999999;46.1894632
50103;Medizinisches Zentrum Geissberg;Rehazentrum für Psychosomatik;Haldenstrasse 64, 8302 Kloten;jsiegfried@mzg.ch;044 804 70 80;;zh;spital;8.593938999999999;47.456737
50108;OnO;Centre chirurgical de l'oeil SA;4, place de la gare, 1003 Lausanne;cco@monoeil.ch;021 312 35 00;;vd;spital;6.629471;46.5176185
50107;Nouvelle Clinique Vert-Pré SA;;Chemin de la Colombe 15, 1231 Conches;info@vertpre.com;022 704 31 31;;ge;spital;6.1774884;46.1875231
50111;Ospedale casa di cura della Bregaglia;;, 7606 Promontogno;christ.reagabriela@ospedalebregaglia.ch;081 838 11 99;;gr;spital;9.5722497;46.3177331
50115;Paracelsus-Spital Richterswil;;Bergstrasse 16, 8805 Richterswil;info@paracelsus-spital.ch;044 787 21 21;;zh;spital;8.6997789;47.2078949
50114;Ostschweizer Kinderspital;;Claudiusstrasse 6, Postfach, 9006 St. Gallen;martina.wirth@kispisg.ch;071 243 71 11;;sg;spital;9.3643968;47.4179284
50091;Klinik Susenberg;;Schreberweg 9, 8044 Zürich;info@susenbergklinik.ch;044 268 38 38;;zh;spital;8.5681482;47.3769716
50112;Ospedale Malcantonese;;, 6980 Castelrotto;info@oscam.ch;091 611 37 00;;ti;spital;8.838320699999999;45.9929637
50113;Ospedale San Sisto;;, 7742 Poschiavo;ospedale@sansisto.ch;081 839 11 11;;gr;spital;10.0966442;46.39825339999999
50110;SOCIOPSICHIATRICA CANTONALE;;Via Ag. Maspoli, 6850 Mendrisio;dss-osc@ti.ch;091 816 55 11;;ti;spital;8.9777778;45.8632752
50109;OnO;Clinique de l'oeil SA;15 Av. du Bois-de-la-Chapelle, 1213 Onex;perez@vision.tv;022 879 12 34;;ge;spital;6.1067152;46.18993039999999
50117;Privatklinik Aadorf;;Fohrenbergstrasse 23, 8355 Aadorf;j.neubauer@klinik-aadorf.ch;052 368 88 88;;tg;spital;8.909977000000001;47.4897156
50116;Praxisklinik Rennbahn AG;Orthopädie und Sportmedizin;St. Jakobs-Str. 106, 4132 Muttenz;info@rennbahnklinik.ch;061 465 64 64;;bl;spital;7.633570400000001;47.5321038
50118;Privatklinik Hohenegg AG;;Hohenegg 1, Postfach 555, 8706 Meilen;privatklinik@hohenegg.ch;044 925 12 12;;zh;spital;8.6437363;47.269389
50119;Privatklinik Meiringen;Zentrum für seelische Gesundheit;Willigen, 3860 Meiringen;info@privatklinik-meiringen.ch;033 972 81 11;;be;spital;8.18868;46.71986
50120;Privatklinik Piano;;Gottstattstrasse 24, 2504 Biel/Bienne;angehrn@klinikpiano.ch;032 344 40 40;;be;spital;7.266003599999999;47.1441643
50121;Privatklinik Wyss AG;;Fellenbergstrasse 32, 3053 Münchenbuchsee;info@privatklinik-wyss.ch;031 868 33 33;;be;spital;7.4507578;47.0179699
50123;Psychiatrische Dienste Aargau AG;;, Postfach 432, 5201 Brugg AG;vorname.name@pdag.ch;056 462 21 11;;ag;spital;8.2070989;47.484223
50122;Psychiatrie Baselland;;Bienentalstrasse 7, 4410 Liestal;info@pbl.ch;061 553 50 02;;bl;spital;7.721277000000001;47.4881518
50126;Psychiatrische Klinik Zugersee;Zentrum für Psychiatrie u. Psychotherapie;, Postfach 200, 6317 Oberwil b. Zug;info@pkzs.ch;041 726 33 00;;zg;spital;8.5061722;47.1469633
50125;Psychiatrische Dienste Graubünden;Klinik Waldhaus;Loëstrasse 220, 7000 Chur;info@pdgr.ch;058 225 25 25;;gr;spital;9.5406896;46.8692544
50124;Psychiatrische Dienste Graubünden;Klinik Beverin;, Postfach 200, 7408 Cazis;info@pdgr.ch;058 225 35 35;;gr;spital;9.426734999999999;46.7402927
50127;Psychiatrische Universitätsklinik;Zürich;Lenggstrasse 31, Postfach 1931, 8032 Zürich;spitaldirektion@puk.zh.ch;044 384 21 11;;zh;spital;8.5679249;47.3671055
50131;Reha Rheinfelden;;Salinenstrasse 98, 4310 Rheinfelden;info@reha-rhf.ch;061 836 51 51;;ag;spital;7.8071142;47.5591951
50135;Rehaklinik Hasliberg AG;;, 6083 Hasliberg-Hohfluh;info@rehaklinik-hasliberg.ch;033 972 55 55;;be;spital;8.175787999999999;46.751221
50130;Reha Chrischona;;Hohe Strasse 30, 4126 Bettingen;reha-chrischona@buespi.ch;061 646 91 11;;bs;spital;7.6518664;47.5711573
50129;Regionalspital Surselva;;, 7130 Ilanz;direktion@spitalilanz.ch;081 926 51 11;;gr;spital;9.2041338;46.7736143
50128;PZM Psychiatriezentrum Münsingen;;Hunzigenallee 1, 3110 Münsingen;info.pzm@gef.be.ch;031 720 81 11;;be;spital;7.5531352;46.88050380000001
50132;Reha Seewis;;Schlossstrasse 1, 7212 Seewis Dorf;info@rehaseewis.ch;081 307 52 52;;gr;spital;9.638359999999999;46.99066999999999
50133;REHAB Basel AG;;Im Burgfelderhof 40, Postfach, 4012 Basel;rehab@rehab.ch;061 325 00 00;;bs;spital;7.592572699999999;47.557421
50134;Rehaklinik Bellikon;;, Postfach, 5454 Bellikon;info@rehabellikon.ch;056 485 51 11;;ag;spital;8.34535;47.3876
50136;Rehaklinik Zihlschlacht AG;Neurologisches Rehabilitationszentrum;Hauptstrasse 4, 8588 Zihlschlacht;info@rehaklinik-zihlschlacht.ch;071 424 33 33;;tg;spital;9.256416399999999;47.5167739
50138;Rheinburg-Klinik;;Dorf, 9428 Walzenhausen;beat.voegeli@rheinburg.ch;071 886 11 11;;ar;spital;9.602817300000002;47.4491106
50137;Réseau fribourgeois de santé mentale;;, 1633 Marsens;rfsm@rfsm.ch;026 305 78 00;;fr;spital;7.0452086;46.6594574
50140;RZL Rehabilitationszentrum;Leukerbad AG;Willy Spühlerstrasse 2, 3954 Leukerbad;info@rzl.ch;027 472 51 11;;vs;spital;7.6264668;46.377719
50139;Rosenklinik am See AG;;Zürcherstrasse 111, 8640 Rapperswil SG;klinik@rosenklinik.ch;055 220 70 00;;sg;spital;8.8173906;47.2356486
50141;Salina Medizin AG;Salina Rehaklinik;Roberstenstrasse 31, 4310 Rheinfelden;markus.bisig@parkresort.ch;061 836 66 66;;ag;spital;7.800169800000001;47.5579128
50143;Schulthess Klinik;;Lengghalde 2, 8008 Zürich;"info@kws.ch;044 385 71 71;;zh;spital;8.5733894;47.35195849999999
50142;Sanatorium Kilchberg AG;;Alte Landstrasse 70, 8802 Kilchberg ZH;info@sanatorium-kilchberg.ch;044 716 42 42;;zh;spital;8.543608599999999;47.328365
50144;Schweizer Paraplegiker-Zentrum;;, Postfach, 6207 Nottwil;hanspeter.gmuender@paranet.ch;041 939 54 54;;lu;spital;8.137588;47.1257257
50145;Schweizerisches Epilepsie-Zentrum;;Bleulerstrasse 60, 8008 Zürich;info@swissepi.ch;044 387 61 11;;zh;spital;8.5696947;47.3487564
50146;Services psychiatriques;Jura bernois - Bienne-Seeland;, 2713 Bellelay;laslo.pataki@gef.be.ch;032 484 72 01;;be;spital;7.1665687;47.2619088
50147;Soteria Bern;;Bühlstrasse 19 a, 3012 Bern;soteria@igsbern.ch;031 305 06 60;;be;spital;7.4288398;46.9502066
50148;Sozialpsychiatrischer Dienst des Kantons Schwyz;;Centralstrasse 5c, 6410 Goldau;roland.weber@spd.ch;041 859 17 17;;sz;spital;8.5501567;47.0501758
50150;Spezialklinik für Urologie;;Zürichstrasse 5, 8180 Bülach;kube@uroviva.ch;044 365 65 88;;zh;spital;8.5423618;47.515581
50151;Spital Affoltern;;Sonnenbergstrasse 27, Postfach, 8910 Affoltern am Albis;kontakt@spitalaffoltern.ch;044 714 21 11;;zh;spital;8.4595489;47.27914759999999
50149;Sozialwerke Pfarrer Sieber;Sune-Egge Fachspital für Sozialmedizin;Konradstrasse 62, 8005 Zürich;;044 444 20 90;;zh;spital;8.534186;47.3817153
50152;Spital Bülach;;Spitalstrasse 24, 8180 Bülach;info@spitalbuelach.ch;044 863 22 11;;zh;spital;8.5330432;47.521471
50154;Spital Einsiedeln;;Spitalstrasse 28, Postfach 462, 8840 Einsiedeln;info@spital-einsiedeln.ch;055 418 51 11;;sz;spital;8.735636399999999;47.1109258
50153;Spital Davos AG;;Promenade 4, 7270 Davos Platz;mhehli@spitaldavos.ch;081 414 88 88;;gr;spital;9.8147298;46.78774
50155;Spital Lachen AG;;Oberdorfstrasse 41, 8853 Lachen SZ;info@spital-lachen.ch;055 451 31 11;;sz;spital;8.8592046;47.1893231
50156;Spital Limmattal;;Urdorferstrasse 100, 8952 Schlieren;direktion@spital-limmattal.ch;044 733 11 11;;zh;spital;8.429984;47.3937112
50159;Spital Oberengadin;;, 7503 Samedan;wessner.philipp@spital.net;081 851 81 11;;gr;spital;9.871129999999999;46.5344
50158;Spital Männedorf AG;;, 8708 Männedorf;info@spitalmaennedorf.ch;044 922 22 11;;zh;spital;8.6969751;47.255493
50161;Spital Thusis;;, 7430 Thusis;reto.keller@spitalthusis.ch;081 632 11 11;;gr;spital;9.43635;46.69916
50157;Spital Linth;;Gasterstrasse 25, 8730 Uznach;kontakt@spital-linth.ch;055 285 41 11;;sg;spital;8.9948826;47.223761
50160;Spital Schwyz;;Waldeggstrasse 10, 6430 Schwyz;info@spital-schwyz.ch;041 818 41 11;;sz;spital;8.6586994;47.0159048
50162;Spital und Pflegeheim Appenzell;;Sonnhalde 2, 9050 Appenzell;spital@sp.ai.ch;071 788 75 75;;ai;spital;9.4161266;47.3342529
50163;Spital Uster;;Brunnenstrasse 42, Postfach, 8610 Uster;info@spitaluster.ch;044 911 11 11;;zh;spital;8.723527599999999;47.3479211
50164;Spital Zofingen AG;;Mühletalstrasse 27, 4800 Zofingen;info@spitalzofingen.ch;062 746 51 51;;ag;spital;7.947220700000001;47.2963202
50165;Spital Zollikerberg;;Trichtenhauserstrasse 20, 8125 Zollikerberg;info@spitalzollikerberg.ch;044 397 21 11;;zh;spital;8.5980767;47.3489876
50166;Spitalzentrum Biel AG;;Vogelsang 84, Postfach, 2501 Biel;direktion@szb-chb.ch;032 324 24 24;;be;spital;7.2437727;47.1401866
50167;St. Claraspital;;Kleinriehenstrasse 30, Postfach, 4016 Basel;direktion@claraspital.ch;061 685 85 85;;bs;spital;7.592572699999999;47.557421
50169;Stadtspital Triemli;;Birmensdorferstrasse 497, 8063 Zürich;sandra.graf@triemli.zuerich.ch;044 466 20 05;;zh;spital;8.4974756;47.36575850000001
50168;St. Gallische Psychiatrie-Dienste Süd;;Klosterweg, 7312 Pfäfers;christoph.eicher@psych.ch;081 303 60 60;;sg;spital;9.501446699999999;46.9900742
50171;Stiftung Diaconis;Palliative Care;Schänzlistrasse 15, 3013 Bern;info@diaconis.ch;031 337 70 10;;be;spital;7.456471700000001;46.9522869
50172;Swissana Clinic AG;;Huobmattstrasse 9, 6045 Meggen;meggen@swissana.ch;041 379 60 00;;lu;spital;8.3801744;47.0501213
50170;Stadtspital Waid Zürich;;Tièchestrasse 99, 8037 Zürich;spital@waid.zuerich.ch;044 366 22 11;;zh;spital;8.5199911;47.3987957
50174;Universitäre Psychiatrische Dienste;Bern;Bolligenstrasse 111, 3000 Bern;info.upd@gef.be.ch;031 930 91 11;;be;spital;7.4806003;46.96559360000001
50173;Uniklinik Balgrist;;Forchstrasse 340, 8008 Zürich;info@balgrist.ch;044 386 11 11;;zh;spital;8.5754919;47.3529543
50175;Universitäre Psychiatrische Kliniken Basel;(UPK);Wilhelm Klein-Strasse 27, 4012 Basel;info@upkbs.ch;061 325 51 11;;bs;spital;7.5658829;47.5712303
50176;Universitäts-Kinderspital beider Basel UKBB;;Spitalstrasse 33, 4056 Basel;info@ukbb.ch;061 704 12 12;;bl;spital;7.5821817;47.5634318
50178;UniversitätsSpital Zürich;;Rämistrasse 100, 8091 Zürich;rita.ziegler@usz.ch;044 255 28 00;;zh;spital;8.549177499999999;47.3766158
50177;Universitätsspital Basel;;Hebelstrasse 32, 4031 Basel;info@usb.ch;061 265 25 25;;bs;spital;7.5814977;47.5610763
50180;Vista-Klinik;Ophthalmologische Klinik;Hauptstrasse 55, 4102 Binningen;info@vistaklinik.ch;061 426 60 00;;bl;spital;7.5748337;47.54221
50181;Zuger Kantonsspital;;Landhausstrasse 11, 6340 Baar;info@zgks.ch;041 399 11 11;;zg;spital;8.5177549;47.1942004
50179;Venenklinik Bellevue;;Brückenstrasse 9, 8280 Kreuzlingen;info@venenklinik.ch;071 678 22 66;;tg;spital;9.1688562;47.6535112
50182;Asana Gruppe AG;Spital Leuggern;, 5316 Leuggern;alfred.zimmermann@spitalleuggern.ch;056 269 40 00;;ag;spital;8.218839899999999;47.5853787
50183;CNP;Centre neuchâtelois de psychiatrie;, 2074 Marin-Epagnier;pascal.montfort@cnp.ch;032 755 07 55;;ne;spital;7.0005596;47.0092921
50184;eHnv;Etablissements Hospitaliers du Nord Vaudois;Rue de Plaisance 2, Case postale 554, 1401 Yverdon-les-Bains;info@ehnv.ch;024 424 53 18;;vd;spital;6.6414898;46.7782175
50185;Ensemble Hospitalier de La Côte;;Chemin du Crêt 2, 1110 Morges;direction.ehc@ehc.vd.ch;021 804 22 11;;vd;spital;6.4997487;46.5223766
50186;Ente Ospedaliero Cantonale EOC;;Viale Officina 3, 6501 Bellinzona;direzione.generale@eoc.ch;091 811 13 03;;ti;spital;9.0266235;46.1969175
50189;GSMN;;Route des Muids 3, Case postale 100, 1272 Genolier;info@gsmn.ch;022 366 99 73;;vd;spital;6.2157;46.4354
50191;Hôpital du Chablais;Site d'Aigle;Chemin du Grand-Chêne 1, 1860 Aigle;hdc@hopitalduchablais.ch;024 468 86 88;;vd;spital;6.964385699999999;46.31180990000001
50187;Gesundheitszentrum Fricktal AG;Spital Rheinfelden;Riburgerstrasse 12, 4310 Rheinfelden;vorname.name@gzf.ch;061 835 66 66;;ag;spital;7.8058688;47.55586230000001
50190;HFR;Hôpital fribourgeois - Freiburger Spital;, Case postale, 1708 Fribourg;info@h-fr.ch;026 426 71 11;;fr;spital;7.145568300000001;46.8016663
50188;Groupement Hospitalier de l'Ouest Lémanique;Hôpital de Nyon;Chemin Monastier 10, 1260 Nyon;secretariatdirection@ghol.ch;022 994 61 61;;vd;spital;6.2274926;46.38346139999999
50192;Hôpital du Jura;;Chemin de l'Hôpital 9, 2900 Porrentruy;marie-francoise.gerber@h-ju.ch;032 465 65 65;;ju;spital;7.059437;47.419504
50195;Hôpital intercantonal de La Broye HIB;;Av. de la Colline 3, 1530 Payerne;arlette.moser@hibroye.ch;026 662 80 11;;vd;spital;6.9477454;46.8191696
50193;Hôpital du Jura bernois SA;;Beausite 49, 2740 Moutier;direction@hjbe.ch;032 494 39 43;;be;spital;7.3746402;47.2819764
50194;Hôpital du Valais - Réseau Santé Valais;;Av. du Grand-Champsec 86, Case postale 696, 1951 Sion;info@hopitalduvalais.ch;027 603 67 00;;vs;spital;7.38696;46.2354202
50202;Klinik Gut St. Moritz AG;;Via Arona 34, 7500 St. Moritz;info@klinik-gut.ch;081 836 34 34;;gr;spital;9.8382621;46.4965828
50197;Hôpital Riviera;;Boulevard Paderewski 3, 1800 Vevey;direction.generale@hopital-riviera.ch;021 923 40 00;;vd;spital;6.8545495;46.4609956
50196;Hôpital neuchâtelois;;Chasseral 20, 2300 La Chaux-de-Fonds;laurent.christe@ne.ch;032 967 24 08;;ne;spital;6.8319472;47.1136256
50199;Kantonsspital Baselland;;Mühlemattstrasse 26, 4410 Liestal;info@ksbl.ch;061 553 75 75;;bl;spital;7.7301764;47.489873
50198;Institution de Lavigny;;Route du Vignoble 60, 1175 Lavigny;contact@ilavigny.ch;021 821 45 45;;vd;spital;6.4117083;46.5032614
50204;Kliniken Valens;Rehabilitationszentrum Valens;, 7317 Valens;info@kliniken-valens.ch;081 303 11 11;;sg;spital;9.4678646;46.9641676
50201;Kantonsspital St. Gallen;;Rorschacherstrasse 95, 9007 St. Gallen;susanne.josuran@kssg.ch;071 494 11 11;;sg;spital;9.3888488;47.42974359999999
50200;Kantonsspital Graubünden;;Loëstrasse 170, 7000 Chur;info@ksgr.ch;081 256 61 11;;gr;spital;9.5392642;46.8645798
50203;Klinik Pyramide am See;;Bellerivestrasse 34, 8034 Zürich;bhuber@pyramide.ch;044 388 15 15;;zh;spital;8.5489103;47.3580703
50206;Lindenhof Gruppe;;Bremgartenstrasse 117, 3012 Bern;info@lindenhofspital.ch;031 300 88 11;;be;spital;7.427746399999999;46.9581208
50205;La Tour Réseau de Soins SA;Hôpital de La Tour;Avenue J.-D. Maillard 3, 1217 Meyrin;latour@latour.ch;022 719 61 11;;ge;spital;6.067514099999999;46.2293573
50207;Luzerner Kantonsspital;;Spitalstrasse, Postfach, 6000 Luzern;info@luks.ch;041 205 11 11;;lu;spital;8.3156129;47.05033479999999
50209;Regionalspital Emmental AG;;Oberburgstrasse 54, 3400 Burgdorf;info@rs-e.ch;034 421 21 00;;be;spital;7.6205669;47.04822189999999
50208;Privatklinikgruppe Hirslanden;;Seefeldstrasse 214, 8008 Zürich;vorname.name@hirslanden.ch;044 388 85 85;;zh;spital;8.5587848;47.3529826
50213;Spital Netz Bern AG;;Morillonstrasse 77, Postfach 8965, 3001 Bern;direktion@spitalnetzbern.ch;031 970 79 70;;be;spital;7.444608499999999;46.9479222
50211;See-Spital;;Asylstrasse 19, 8810 Horgen;info@see-spital.ch;044 728 11 11;;zh;spital;8.5893569;47.2632317
50218;Spitalregion Fürstenland Toggenburg;;Fürstenlandstrasse 32, 9500 Wil SG;info@srft.ch;071 914 61 11;;sg;spital;9.057561;47.4653544
50214;Spital STS AG;Spital Thun;Krankenhausstrasse 12, 3600 Thun;geschaeftsleitung@spitalstsag.ch;033 226 26 26;;be;spital;7.6322734;46.7611101
50216;spitäler fmi ag;Spital Interlaken;Weissenaustrasse 27, 3800 Unterseen;i.direktion@spitalfmi.ch;033 826 25 00;;be;spital;7.843385;46.6806097
50210;RehaClinic Bad Zurzach;;Quellenstrasse 34, 5330 Bad Zurzach;dir@rehaclinic.ch;056 269 51 51;;ag;spital;8.288332;47.5899827
50220;Spitalverbund Appenzell Ausserrhoden;;Krombach 3, 9100 Herisau;geschaeftsleitung@svar.ch;071 353 84 00;;ar;spital;9.264379;47.3859931
50217;SPITÄLER SCHAFFHAUSEN;;Geissbergstrasse 81, 8208 Schaffhausen;info@spitaeler-sh.ch;052 634 34 34;;sh;spital;8.6375812;47.71139059999999
50219;Spitalregion Rheintal Werdenberg Sarganserland;;Alte Landstrasse 106, 9445 Rebstein;stefan.lichtensteiger@srrws.ch;071 775 81 00;;sg;spital;9.5794119;47.3970038
50223;ARS MEDICA CLINIC;;Via Cantonale, 6929 Gravesano;info@arsmedica.ch;091 611 62 11;;ti;spital;8.920091;46.041905
50222;Zürcher Höhenklinik Wald;;Faltigbergstrasse 7, 8636 Wald;direktion@zhw.ch;055 256 61 11;;zh;spital;8.914316099999999;47.27603310000001
50221;SRO AG;Spital Region Oberaargau;St. Urbanstrasse 67, 4901 Langenthal;info@sro.ch;062 916 31 31;;be;spital;7.7938888;47.2161037
50224;Asana Gruppe AG;Spital Menziken;Spitalstrasse 1, 5737 Menziken;info@spitalmenziken.ch;062 765 31 31;;ag;spital;8.189900699999999;47.2463691
50225;Clinica di Riabilitazione di Novaggio;Ente Ospedaliero Cantonale EOC;, 6986 Novaggio;direzione.novaggio@eoc.ch;091 811 22 11;;ti;spital;8.85667;46.00996
50226;Clinica S. Anna;;Via S. Anna 1, 6924 Sorengo;info@clinicasantanna.ch;091 985 12 11;;ti;spital;8.939079500000002;46.0000052
50227;Clinique de Genolier;;Route du Muids 3, case postale 100, 1272 Genolier;info@genolier.net;022 366 90 00;;vd;spital;6.2157;46.4354
50212;Solothurner Spitäler AG;;Schöngrünstrasse 36a, 4500 Solothurn;katrin.stetter@spital.so.ch;032 627 44 29;;so;spital;7.538782299999999;47.1999662
50228;Clinique de Montchoisi SA;;, Case postale 405, 1001 Lausanne;info@montchoisi.ch;021 619 39 39;;vd;spital;6.633597099999999;46.5199617
50215;Spital Thurgau AG;;Waldeggstrasse 8 A, 8501 Frauenfeld;marc.kohler@stgag.ch;052 723 78 54;;tg;spital;8.911413099999999;47.5501825
50229;Clinique Générale Ste-Anne SA;;Rue Hans-Geiler 6, 1700 Fribourg;info@cliniquegenerale.ch;026 350 01 11;;fr;spital;7.1543952;46.79970480000001
50230;Clinique médico-chirurgicale de Valère;;Rue Pré-Fleuri 16, 1950 Sion;annick.balet@cliniquevalere.ch;027 327 10 10;;vs;spital;7.356970599999999;46.2303599
50233;Hirslanden;Klinik St. Anna;St. Anna-Strasse 32, 6006 Luzern;klinik-stanna@hirslanden.ch;041 208 32 32;;lu;spital;8.3261424;47.0581876
50234;Hirslanden;Klinik Im Park;Seestrasse 220, Postfach, 8027 Zürich;klinik-impark@hirslanden.ch;044 209 21 11;;zh;spital;8.539182499999999;47.3686498
50231;Clinique Valmont;;, 1823 Glion;info@cliniquevalmont.ch;021 962 35 35;;vd;spital;6.93351;46.4388419
50232;GSMN Zürich AG;Privatklinik Bethanien;Toblerstrasse 51, 8044 Zürich;info@klinikbethanien.ch;043 268 70 70;;zh;spital;8.5573227;47.3810888
50235;Hirslanden;Klinik Stephanshorn;Brauerstrasse 95, 9016 St. Gallen;klinik-stephanshorn@hirslanden.ch;071 282 71 11;;sg;spital;9.411887199999999;47.445349
50236;Hirslanden;Klinik Aarau;Schänisweg, 5001 Aarau;klinik-aarau@hirslanden.ch;062 836 70 00;;ag;spital;8.0423309;47.3908765
50237;Hirslanden;Klinik Belair;Rietstrasse 30, Postfach 122, 8201 Schaffhausen;klinik-belair@hirslanden.ch;052 632 19 00;;sh;spital;8.641442399999999;47.7077664
50240;Hirslanden;Klinik Birshof;Reinacherstrasse 28, 4142 Münchenstein;klinik-birshof@hirslanden.ch;061 335 22 22;;bl;spital;7.604646600000001;47.5277596
50238;Hirslanden;Andreasklinik Cham Zug;Rigistrasse 1, 6330 Cham;info.andreasklinik@hirslanden.ch;041 784 07 84;;zg;spital;8.4553002;47.1820673
50241;Hirslanden Bern AG;Salem-Spital;Schänzlistrasse 39, Postfach 716, 3000 Bern;vorname.name@hirslanden.ch;031 337 60 00;;be;spital;7.444608499999999;46.9479222
50239;Hirslanden;Klinik Am Rosenberg;Hasenbühlstrasse 11, Postfach, 9410 Heiden;klinik-amrosenberg@hirslanden.ch;071 898 52 52;;ar;spital;9.5293867;47.441412
50246;Hôpital de la Providence;;Faubourg de l'Hôpital 81, Case postale, 2001 Neuchâtel;Hopital.Providence@ne.ch;032 720 30 30;;ne;spital;6.931932499999999;46.99297929999999
50242;Hirslanden Bern AG;Klinik Beau-Site;Schänzlihalde 11, Postfach 715, 3000 Bern;vorname.name@hirslanden.ch;031 335 33 33;;be;spital;7.444608499999999;46.9479222
50244;Hirslanden Lausanne SA;Clinique Bois-Cerf;Avenue d'Ouchy 31, 1006 Lausanne;clinique-boiscerf@hirslanden.ch;021 619 69 69;;vd;spital;6.6305324;46.5119945
50243;Hirslanden Bern AG;Klinik Permanance;Bümplizstrasse 83, 3018 Bern;vorname.name@hirslanden.ch;031 990 41 11;;be;spital;7.392267700000001;46.9445695
50245;Hirslanden Lausanne SA;Clinique Cecil;Avenue Ruchonnet 53, 1003 Lausanne;clinique-cecil@hirslanden.ch;021 310 50 00;;vd;spital;6.6220424;46.5202461
50247;Hôpital du Chablais;site de Monthey;Route de Morgins 54, 1870 Monthey;pierre.loison@hopitalduchablais.ch;024 473 17 31;;vs;spital;6.9410911;46.2515548
50249;Klinik Hirslanden;;Witellikerstrasse 40, 8032 Zürich;vorname.name@hirslanden.ch;044 387 21 11;;zh;spital;8.5766388;47.3514288
50248;Klinik Gut Chur;;Lürlibadstrasse 12, 7000 Chur;info@klinik-gut.ch;081 258 44 00;;gr;spital;9.5373082;46.8531156
50254;Lindenhof Gruppe;Standort Engeried;Riedweg 15, 3012 Bern;klinik@sonnenhof.ch;031 309 91 11;;be;spital;7.4375024;46.96007789999999
50250;Klinik Pyramide;Zweigniederlassung Schwerzenbach;Bahnstrasse 24, 8603 Schwerzenbach;info@pyramide.ch;044 806 50 05;;zh;spital;8.6564443;47.38657200000001
50253;Lindenhof Gruppe;Standort Sonnenhof;Buchserstrasse 30, 3006 Bern;klinik@sonnenhof.ch;031 358 11 11;;be;spital;7.4741339;46.9425771
50255;Luzerner Höhenklinik Montana;;Route de l'Astoria 2, 3963 Crans-Montana;info@lhm.ch;027 485 81 81;;vs;spital;7.4972292;46.31705050000001
50251;La Tour Réseau de Soins SA;Clinique de Carouge;Avenue Cardinal-Mermillod 1, 1227 Carouge GE;latour@latour.ch;022 309 45 45;;ge;spital;6.1425825;46.1868035
50252;Lindenhof Gruppe;Standort Lindenhof;Bremgartenstrasse 117, 3001 Bern;info@lindenhofspital.ch;031 300 88 11;;be;spital;7.427746399999999;46.9581208
50257;Luzerner Kantonsspital;Wohlhusen;, Postfach, 6110 Wolhusen;info@ksl.ch;041 492 82 82;;lu;spital;8.073395399999999;47.0595723
50256;Luzerner Kantonsspital;Sursee;Spitalstrasse 16a, Postfach, 6210 Sursee;sursee.info@ksl.ch;041 926 45 45;;lu;spital;8.1043593;47.17714729999999
50261;Ospedale Regionale Bellinzona e Valli;EOC Sede di Faido;Via Ospedale 32, 6760 Faido;ospedale.faido@eoc.ch;091 811 21 11;;ti;spital;8.8058212;46.47835269999999
50260;Ospedale Regionale Bellinzona e Valli;EOC Sede di Acquarossa;, 6716 Acquarossa;direzione.acquarossa@eoc.ch;091 811 25 11;;ti;spital;8.904064199999999;46.4542993
50258;Osp. Reg. Bellinzona e Valli San Giovanni;EOC Sede di Bellinzona;, 6500 Bellinzona;direzione.bellinzona@eoc.ch;091 811 91 11;;ti;spital;9.035443899999999;46.1926755
50259;Ospdeale regionale di Mendrisio;Beate Vergine;Via Turconi 23, 6850 Mendrisio;ospedale.mendrisio@eoc.ch;091 811 31 11;;ti;spital;8.9825128;45.8671509
50266;Solothurner Spitäler AG;Kantonsspital Olten;Baslerstrasse 150, 4600 Olten;judith.imhof@spital.so.ch;062 311 41 11;;so;spital;7.9032933;47.35196999999999
50263;Ospedale regionale di Lugano;Ente Ospedaliero Cantonale EOC;Via Tesserete 46, 6903 Lugano;direzione.lugano@eoc.ch;091 811 61 11;;ti;spital;8.9527596;46.01802319999999
50262;Ospedale regionale di Locarno;Ente Ospedaliero Cantonale EOC;Via all'Ospedale 1, 6601 Locarno;ospedale.locarno@eoc.ch;091 811 47 57;;ti;spital;8.791308599999999;46.168761
50264;Privatklinik Lindberg;;Schickstrasse 11, 8400 Winterthur;info@lindberg.ch;052 266 11 11;;zh;spital;8.7305393;47.5100726
50265;Privatklinik Obach;;Leopoldstrasse 5, 4500 Solothurn;obach@obach.ch;032 626 23 23;;so;spital;7.5310443;47.2050996
50269;Solothurner Spitäler AG;Psychiatrische Dienste;Weissensteinstrasse 102, 4503 Solothurn;info.pd@spital.so.ch;032 627 11 11;;so;spital;7.520949600000001;47.2183419
50267;Solothurner Spitäler AG;Bürgerspital Solothurn;Schöngrünstrasse 42, 4500 Solothurn;info.bss@spital.so.ch;032 627 30 02;;so;spital;7.5399691;47.1994525
50268;Solothurner Spitäler AG;Spital Dornach;Spitalweg 11, 4143 Dornach;info.do@spital.so.ch;061 704 44 44;;so;spital;7.613673899999999;47.4865724
50271;Spital Netz Bern AG;Spital Aarberg;Lyssstrasse 31, 3270 Aarberg;spital.aarberg@spitalnetzbern.ch;032 391 82 82;;be;spital;7.279515000000001;47.0478392
50274;Spital Netz Bern AG;Spital Riggisberg;Eyweg 2, 3132 Riggisberg;spital.riggisberg@spitalnetzbern.ch;031 808 71 71;;be;spital;7.4782441;46.81383539999999
50273;Spital Netz Bern AG;Spital und Altersheim Belp;Seftigenstrasse 89/91, 3123 Belp;spital.belp@spitalnetzbern.ch;031 818 91 11;;be;spital;7.4942172;46.892286
50272;Spital Netz Bern AG;Spital Münsingen;Krankenhausweg 18, 3110 Münsingen;spital.muensingen@spitalnetzbern.ch;031 682 82 82;;be;spital;7.568004699999999;46.87192460000001
50275;Spital Netz Bern AG;Spital Ziegler;Morillonstr. 75, Postfach 8965, 3001 Bern;spital.ziegler@spitalnetzbern.ch;031 970 71 11;;be;spital;7.444608499999999;46.9479222
50270;Spital Netz Bern AG;Spital Tiefenau;Tiefenaustrasse 112, Postfach 700, 3004 Bern;anita.portnerpato@spitalnetzbern.ch;031 308 81 11;;be;spital;7.4519609;46.9743434
50276;spitäler fmi ag;Spital Frutigen;Adelbodenstrasse 27, 3714 Frutigen;f.direktion@spitalfmi.ch;033 672 26 26;;be;spital;7.641583799999998;46.58399
50277;SPITÄLER SCHAFFHAUSEN;Klinik für Psychiatrie und Psychotherapie;Breitenaustrasse 124, 8200 Schaffhausen;joerg.pueschel@spitaeler-sh.ch;052 632 11 11;;sh;spital;8.6253882;47.7054716
50278;Spitalregion Rheintal Werdenberg Sarganserland;Spital Grabs;Spitalstrasse 44, 9472 Grabs;elvira.bohl@srrws.ch;081 772 51 11;;sg;spital;9.4485432;47.173573
50279;Spitalregion Rheintal Werdenberg Sarganserland;Spital Altstätten;F. Marolani-Strasse 6, 9450 Altstätten SG;pauljosef.hangartner@srrws.ch;071 757 44 11;;sg;spital;9.541199400000002;47.38296709999999
50280;Spitalregion Rheintal Werdenberg Sarganserland;Spital Walenstadt;Spitalstrasse 5, 8880 Walenstadt;thomas.heidegger@srrws.ch;081 736 11 11;;sg;spital;9.3106716;47.1211944
50281;Zürcher Höhenkliniken Wald und Davos;Standort Davos;Klinikstrasse 6, 7272 Davos Clavadel;info@zhd.ch;081 414 42 22;;gr;spital;9.8157918;46.7687559
